Time,Displacement,Force
(s),(in),(lbf)
"0.0000","0.0000","0.0003"
"0.0200","0.0014","0.0078"
"0.0400","0.0081","0.0266"
"0.0600","0.0159","0.0139"
"0.0800","0.0223","-0.0036"
"0.1000","0.0286","-0.0035"
"0.1200","0.0351","0.0003"
"0.1400","0.0417","0.0009"
"0.1600","0.0482","0.0003"
"0.1800","0.0548","0.0011"
"0.2000","0.0613","0.0006"
"0.2200","0.0679","0.0007"
"0.2400","0.0745","0.0011"
"0.2600","0.0811","0.0010"
"0.2800","0.0877","0.0012"
"0.3000","0.0944","0.0007"
"0.3200","0.1011","0.0017"
"0.3400","0.1077","0.0014"
"0.3600","0.1143","0.0011"
"0.3800","0.1210","0.0017"
"0.4000","0.1276","0.0016"
"0.4200","0.1343","0.0014"
"0.4400","0.1409","0.0017"
"0.4600","0.1476","0.0025"
"0.4800","0.1542","0.0013"
"0.5000","0.1609","0.0021"
"0.5200","0.1676","0.0027"
"0.5400","0.1742","0.0019"
"0.5600","0.1809","0.0022"
"0.5800","0.1875","0.0023"
"0.6000","0.1942","0.0029"
"0.6200","0.2009","0.0024"
"0.6400","0.2075","0.0029"
"0.6600","0.2142","0.0027"
"0.6800","0.2208","0.0028"
"0.7000","0.2275","0.0032"
"0.7200","0.2342","0.0031"
"0.7400","0.2409","0.0032"
"0.7600","0.2475","0.0029"
"0.7800","0.2542","0.0039"
"0.8000","0.2608","0.0033"
"0.8200","0.2675","0.0035"
"0.8400","0.2742","0.0038"
"0.8600","0.2809","0.0038"
"0.8800","0.2875","0.0039"
"0.9000","0.2942","0.0037"
"0.9200","0.3009","0.0044"
"0.9400","0.3075","0.0038"
"0.9600","0.3142","0.0042"
"0.9800","0.3209","0.0044"
"1.0000","0.3275","0.0040"
"1.0200","0.3341","0.0049"
"1.0400","0.3408","0.0047"
"1.0600","0.3475","0.0047"
"1.0800","0.3542","0.0045"
"1.1000","0.3609","0.0050"
"1.1200","0.3675","0.0046"
"1.1400","0.3742","0.0048"
"1.1600","0.3809","0.0053"
"1.1800","0.3875","0.0051"
"1.2000","0.3942","0.0052"
"1.2200","0.4009","0.0050"
"1.2400","0.4075","0.0056"
"1.2600","0.4142","0.0053"
"1.2800","0.4209","0.0053"
"1.3000","0.4275","0.0055"
"1.3200","0.4342","0.0056"
"1.3400","0.4409","0.0058"
"1.3600","0.4475","0.0053"
"1.3800","0.4542","0.0061"
"1.4000","0.4609","0.0057"
"1.4200","0.4675","0.0061"
"1.4400","0.4742","0.0060"
"1.4600","0.4809","0.0059"
"1.4800","0.4875","0.0063"
"1.5000","0.4942","0.0062"
"1.5200","0.5009","0.0063"
"1.5400","0.5075","0.0059"
"1.5600","0.5142","0.0065"
"1.5800","0.5208","0.0065"
"1.6000","0.5275","0.0064"
"1.6200","0.5342","0.0065"
"1.6400","0.5408","0.0066"
"1.6600","0.5475","0.0067"
"1.6800","0.5542","0.0064"
"1.7000","0.5608","0.0070"
"1.7200","0.5675","0.0067"
"1.7400","0.5742","0.0069"
"1.7600","0.5809","0.0071"
"1.7800","0.5875","0.0066"
"1.8000","0.5942","0.0071"
"1.8200","0.6009","0.0071"
"1.8400","0.6075","0.0070"
"1.8600","0.6142","0.0071"
"1.8800","0.6209","0.0075"
"1.9000","0.6275","0.0072"
"1.9200","0.6342","0.0072"
"1.9400","0.6409","0.0074"
"1.9600","0.6475","0.0071"
"1.9800","0.6541","0.0079"
"2.0000","0.6608","0.0074"
"2.0200","0.6675","0.0075"
"2.0400","0.6742","0.0079"
"2.0600","0.6809","0.0075"
"2.0800","0.6875","0.0075"
"2.1000","0.6942","0.0077"
"2.1200","0.7008","0.0079"
"2.1400","0.7075","0.0077"
"2.1600","0.7142","0.0081"
"2.1800","0.7209","0.0076"
"2.2000","0.7275","0.0081"
"2.2200","0.7342","0.0082"
"2.2400","0.7409","0.0077"
"2.2600","0.7475","0.0082"
"2.2800","0.7542","0.0081"
"2.3000","0.7609","0.0083"
"2.3200","0.7675","0.0077"
"2.3400","0.7742","0.0083"
"2.3600","0.7809","0.0085"
"2.3800","0.7875","0.0080"
"2.4000","0.7942","0.0084"
"2.4200","0.8009","0.0083"
"2.4400","0.8075","0.0084"
"2.4600","0.8142","0.0085"
"2.4800","0.8209","0.0086"
"2.5000","0.8275","0.0083"
"2.5200","0.8342","0.0087"
"2.5400","0.8408","0.0087"
"2.5600","0.8475","0.0085"
"2.5800","0.8542","0.0088"
"2.6000","0.8608","0.0086"
"2.6200","0.8675","0.0091"
"2.6400","0.8742","0.0088"
"2.6600","0.8808","0.0086"
"2.6800","0.8875","0.0090"
"2.7000","0.8942","0.0088"
"2.7200","0.9008","0.0087"
"2.7400","0.9075","0.0090"
"2.7600","0.9142","0.0093"
"2.7800","0.9209","0.0088"
"2.8000","0.9275","0.0090"
"2.8200","0.9342","0.0091"
"2.8400","0.9409","0.0091"
"2.8600","0.9475","0.0095"
"2.8800","0.9542","0.0090"
"2.9000","0.9609","0.0091"
"2.9200","0.9675","0.0092"
"2.9400","0.9741","0.0094"
"2.9600","0.9808","0.0093"
"2.9800","0.9875","0.0094"
"3.0000","0.9942","0.0095"
"3.0200","1.0008","0.0093"
"3.0400","1.0075","0.0095"
"3.0600","1.0142","0.0094"
"3.0800","1.0209","0.0096"
"3.1000","1.0275","0.0095"
"3.1200","1.0342","0.0096"
"3.1400","1.0409","0.0097"
"3.1600","1.0475","0.0096"
"3.1800","1.0542","0.0098"
"3.2000","1.0609","0.0095"
"3.2200","1.0675","0.0097"
"3.2400","1.0742","0.0098"
"3.2600","1.0809","0.0099"
"3.2800","1.0875","0.0096"
"3.3000","1.0942","0.0099"
"3.3200","1.1009","0.0100"
"3.3400","1.1075","0.0097"
"3.3600","1.1142","0.0099"
"3.3800","1.1209","0.0100"
"3.4000","1.1275","0.0100"
"3.4200","1.1342","0.0100"
"3.4400","1.1408","0.0100"
"3.4600","1.1475","0.0102"
"3.4800","1.1542","0.0102"
"3.5000","1.1609","0.0101"
"3.5200","1.1675","0.0099"
"3.5400","1.1742","0.0102"
"3.5600","1.1808","0.0103"
"3.5800","1.1875","0.0103"
"3.6000","1.1942","0.0102"
"3.6200","1.2008","0.0102"
"3.6400","1.2075","0.0105"
"3.6600","1.2142","0.0102"
"3.6800","1.2209","0.0103"
"3.7000","1.2275","0.0104"
"3.7200","1.2342","0.0105"
"3.7400","1.2409","0.0104"
"3.7600","1.2475","0.0104"
"3.7800","1.2542","0.0105"
"3.8000","1.2609","0.0104"
"3.8200","1.2675","0.0106"
"3.8400","1.2742","0.0104"
"3.8600","1.2809","0.0106"
"3.8800","1.2875","0.0105"
"3.9000","1.2941","0.0105"
"3.9200","1.3008","0.0108"
"3.9400","1.3075","0.0107"
"3.9600","1.3142","0.0107"
"3.9800","1.3208","0.0106"
"4.0000","1.3275","0.0105"
"4.0200","1.3342","0.0108"
"4.0400","1.3408","0.0109"
"4.0600","1.3475","0.0106"
"4.0800","1.3542","0.0108"
"4.1000","1.3609","0.0110"
"4.1200","1.3675","0.0107"
"4.1400","1.3742","0.0110"
"4.1600","1.3809","0.0108"
"4.1800","1.3875","0.0109"
"4.2000","1.3942","0.0109"
"4.2200","1.4009","0.0111"
"4.2400","1.4075","0.0111"
"4.2600","1.4142","0.0110"
"4.2800","1.4209","0.0111"
"4.3000","1.4275","0.0109"
"4.3200","1.4342","0.0111"
"4.3400","1.4409","0.0112"
"4.3600","1.4475","0.0112"
"4.3800","1.4542","0.0112"
"4.4000","1.4609","0.0111"
"4.4200","1.4675","0.0112"
"4.4400","1.4742","0.0113"
"4.4600","1.4808","0.0112"
"4.4800","1.4875","0.0111"
"4.5000","1.4942","0.0113"
"4.5200","1.5008","0.0114"
"4.5400","1.5075","0.0114"
"4.5600","1.5142","0.0114"
"4.5800","1.5209","0.0114"
"4.6000","1.5275","0.0113"
"4.6200","1.5342","0.0114"
"4.6400","1.5408","0.0114"
"4.6600","1.5475","0.0115"
"4.6800","1.5542","0.0116"
"4.7000","1.5609","0.0115"
"4.7200","1.5675","0.0113"
"4.7400","1.5742","0.0117"
"4.7600","1.5809","0.0117"
"4.7800","1.5876","0.0115"
"4.8000","1.5942","0.0114"
"4.8200","1.6009","0.0116"
"4.8400","1.6075","0.0117"
"4.8600","1.6142","0.0117"
"4.8800","1.6208","0.0117"
"4.9000","1.6275","0.0119"
"4.9200","1.6342","0.0117"
"4.9400","1.6408","0.0116"
"4.9600","1.6475","0.0118"
"4.9800","1.6542","0.0118"
"5.0000","1.6609","0.0119"
"5.0200","1.6675","0.0117"
"5.0400","1.6742","0.0118"
"5.0600","1.6809","0.0120"
"5.0800","1.6875","0.0119"
"5.1000","1.6942","0.0119"
"5.1200","1.7008","0.0119"
"5.1400","1.7075","0.0120"
"5.1600","1.7142","0.0120"
"5.1800","1.7209","0.0120"
"5.2000","1.7275","0.0119"
"5.2200","1.7342","0.0122"
"5.2400","1.7408","0.0123"
"5.2600","1.7475","0.0120"
"5.2800","1.7542","0.0120"
"5.3000","1.7609","0.0123"
"5.3200","1.7675","0.0122"
"5.3400","1.7742","0.0121"
"5.3600","1.7809","0.0123"
"5.3800","1.7875","0.0121"
"5.4000","1.7942","0.0123"
"5.4200","1.8009","0.0123"
"5.4400","1.8075","0.0122"
"5.4600","1.8142","0.0123"
"5.4800","1.8209","0.0124"
"5.5000","1.8275","0.0122"
"5.5200","1.8342","0.0123"
"5.5400","1.8409","0.0126"
"5.5600","1.8475","0.0125"
"5.5800","1.8542","0.0123"
"5.6000","1.8609","0.0124"
"5.6200","1.8675","0.0126"
"5.6400","1.8742","0.0125"
"5.6600","1.8809","0.0124"
"5.6800","1.8875","0.0125"
"5.7000","1.8942","0.0126"
"5.7200","1.9009","0.0126"
"5.7400","1.9075","0.0126"
"5.7600","1.9142","0.0125"
"5.7800","1.9209","0.0127"
"5.8000","1.9275","0.0125"
"5.8200","1.9341","0.0127"
"5.8400","1.9408","0.0130"
"5.8600","1.9475","0.0129"
"5.8800","1.9542","0.0127"
"5.9000","1.9608","0.0126"
"5.9200","1.9675","0.0128"
"5.9400","1.9742","0.0129"
"5.9600","1.9809","0.0130"
"5.9800","1.9875","0.0128"
"6.0000","1.9942","0.0129"
"6.0200","2.0009","0.0131"
"6.0400","2.0075","0.0129"
"6.0600","2.0142","0.0129"
"6.0800","2.0209","0.0128"
"6.1000","2.0275","0.0131"
"6.1200","2.0342","0.0133"
"6.1400","2.0409","0.0131"
"6.1600","2.0475","0.0129"
"6.1800","2.0542","0.0134"
"6.2000","2.0609","0.0132"
"6.2200","2.0675","0.0129"
"6.2400","2.0742","0.0132"
"6.2600","2.0808","0.0132"
"6.2800","2.0875","0.0133"
"6.3000","2.0942","0.0132"
"6.3200","2.1008","0.0133"
"6.3400","2.1075","0.0135"
"6.3600","2.1142","0.0134"
"6.3800","2.1208","0.0132"
"6.4000","2.1275","0.0133"
"6.4200","2.1342","0.0136"
"6.4400","2.1408","0.0134"
"6.4600","2.1475","0.0134"
"6.4800","2.1542","0.0136"
"6.5000","2.1609","0.0135"
"6.5200","2.1675","0.0135"
"6.5400","2.1742","0.0135"
"6.5600","2.1809","0.0136"
"6.5800","2.1875","0.0136"
"6.6000","2.1942","0.0137"
"6.6200","2.2009","0.0136"
"6.6400","2.2075","0.0135"
"6.6600","2.2142","0.0137"
"6.6800","2.2209","0.0136"
"6.7000","2.2275","0.0139"
"6.7200","2.2342","0.0136"
"6.7400","2.2409","0.0137"
"6.7600","2.2475","0.0141"
"6.7800","2.2541","0.0138"
"6.8000","2.2608","0.0138"
"6.8200","2.2675","0.0144"
"6.8400","2.2742","0.0141"
"6.8600","2.2808","0.0134"
"6.8800","2.2875","0.0143"
"6.9000","2.2942","0.0140"
"6.9200","2.3008","0.0140"
"6.9400","2.3075","0.0142"
"6.9600","2.3142","0.0140"
"6.9800","2.3208","0.0142"
"7.0000","2.3275","0.0141"
"7.0200","2.3342","0.0143"
"7.0400","2.3409","0.0141"
"7.0600","2.3475","0.0142"
"7.0800","2.3542","0.0143"
"7.1000","2.3609","0.0143"
"7.1200","2.3675","0.0142"
"7.1400","2.3742","0.0142"
"7.1600","2.3809","0.0146"
"7.1800","2.3875","0.0143"
"7.2000","2.3942","0.0143"
"7.2200","2.4009","0.0147"
"7.2400","2.4075","0.0145"
"7.2600","2.4142","0.0142"
"7.2800","2.4208","0.0146"
"7.3000","2.4275","0.0146"
"7.3200","2.4342","0.0143"
"7.3400","2.4408","0.0147"
"7.3600","2.4475","0.0146"
"7.3800","2.4541","0.0145"
"7.4000","2.4608","0.0148"
"7.4200","2.4675","0.0147"
"7.4400","2.4742","0.0148"
"7.4600","2.4808","0.0147"
"7.4800","2.4875","0.0149"
"7.5000","2.4942","0.0148"
"7.5200","2.5009","0.0148"
"7.5400","2.5075","0.0149"
"7.5600","2.5142","0.0148"
"7.5800","2.5209","0.0148"
"7.6000","2.5275","0.0149"
"7.6200","2.5342","0.0152"
"7.6400","2.5409","0.0150"
"7.6600","2.5476","0.0149"
"7.6800","2.5542","0.0150"
"7.7000","2.5609","0.0152"
"7.7200","2.5675","0.0150"
"7.7400","2.5741","0.0150"
"7.7600","2.5808","0.0154"
"7.7800","2.5875","0.0153"
"7.8000","2.5942","0.0153"
"7.8200","2.6009","0.0151"
"7.8400","2.6075","0.0152"
"7.8600","2.6142","0.0153"
"7.8800","2.6208","0.0153"
"7.9000","2.6275","0.0155"
"7.9200","2.6342","0.0152"
"7.9400","2.6408","0.0157"
"7.9600","2.6475","0.0153"
"7.9800","2.6542","0.0154"
"8.0000","2.6609","0.0155"
"8.0200","2.6675","0.0154"
"8.0400","2.6742","0.0155"
"8.0600","2.6808","0.0156"
"8.0800","2.6875","0.0157"
"8.1000","2.6942","0.0156"
"8.1200","2.7009","0.0157"
"8.1400","2.7075","0.0154"
"8.1600","2.7142","0.0159"
"8.1800","2.7208","0.0159"
"8.2000","2.7275","0.0157"
"8.2200","2.7342","0.0159"
"8.2400","2.7408","0.0158"
"8.2600","2.7475","0.0159"
"8.2800","2.7542","0.0158"
"8.3000","2.7608","0.0158"
"8.3200","2.7675","0.0161"
"8.3400","2.7742","0.0160"
"8.3600","2.7808","0.0159"
"8.3800","2.7875","0.0160"
"8.4000","2.7942","0.0165"
"8.4200","2.8009","0.0161"
"8.4400","2.8075","0.0159"
"8.4600","2.8142","0.0163"
"8.4800","2.8209","0.0162"
"8.5000","2.8275","0.0164"
"8.5200","2.8342","0.0163"
"8.5400","2.8409","0.0163"
"8.5600","2.8475","0.0163"
"8.5800","2.8542","0.0165"
"8.6000","2.8609","0.0165"
"8.6200","2.8676","0.0166"
"8.6400","2.8742","0.0164"
"8.6600","2.8808","0.0165"
"8.6800","2.8875","0.0169"
"8.7000","2.8941","0.0164"
"8.7200","2.9008","0.0169"
"8.7400","2.9075","0.0170"
"8.7600","2.9142","0.0164"
"8.7800","2.9208","0.0166"
"8.8000","2.9275","0.0170"
"8.8200","2.9342","0.0170"
"8.8400","2.9408","0.0167"
"8.8600","2.9475","0.0170"
"8.8800","2.9542","0.0169"
"8.9000","2.9609","0.0170"
"8.9200","2.9675","0.0169"
"8.9400","2.9742","0.0169"
"8.9600","2.9809","0.0172"
"8.9800","2.9875","0.0171"
"9.0000","2.9942","0.0172"
"9.0200","3.0009","0.0171"
"9.0400","3.0075","0.0173"
"9.0600","3.0142","0.0173"
"9.0800","3.0209","0.0172"
"9.1000","3.0275","0.0172"
"9.1200","3.0342","0.0174"
"9.1400","3.0409","0.0176"
"9.1600","3.0475","0.0171"
"9.1800","3.0542","0.0174"
"9.2000","3.0609","0.0175"
"9.2200","3.0675","0.0174"
"9.2400","3.0742","0.0175"
"9.2600","3.0808","0.0175"
"9.2800","3.0875","0.0176"
"9.3000","3.0942","0.0176"
"9.3200","3.1008","0.0178"
"9.3400","3.1075","0.0176"
"9.3600","3.1142","0.0179"
"9.3800","3.1209","0.0179"
"9.4000","3.1275","0.0177"
"9.4200","3.1342","0.0179"
"9.4400","3.1409","0.0179"
"9.4600","3.1475","0.0182"
"9.4800","3.1542","0.0179"
"9.5000","3.1609","0.0179"
"9.5200","3.1675","0.0181"
"9.5400","3.1742","0.0183"
"9.5600","3.1809","0.0181"
"9.5800","3.1876","0.0181"
"9.6000","3.1942","0.0184"
"9.6200","3.2009","0.0180"
"9.6400","3.2075","0.0183"
"9.6600","3.2141","0.0183"
"9.6800","3.2208","0.0185"
"9.7000","3.2275","0.0186"
"9.7200","3.2342","0.0182"
"9.7400","3.2408","0.0184"
"9.7600","3.2475","0.0185"
"9.7800","3.2542","0.0185"
"9.8000","3.2608","0.0184"
"9.8200","3.2675","0.0187"
"9.8400","3.2742","0.0188"
"9.8600","3.2808","0.0187"
"9.8800","3.2875","0.0187"
"9.9000","3.2942","0.0186"
"9.9200","3.3008","0.0188"
"9.9400","3.3075","0.0189"
"9.9600","3.3142","0.0188"
"9.9800","3.3209","0.0188"
"10.0000","3.3275","0.0191"
"10.0200","3.3342","0.0190"
"10.0400","3.3409","0.0188"
"10.0600","3.3475","0.0192"
"10.0800","3.3542","0.0191"
"10.1000","3.3609","0.0192"
"10.1200","3.3675","0.0191"
"10.1400","3.3742","0.0191"
"10.1600","3.3809","0.0194"
"10.1800","3.3875","0.0192"
"10.2000","3.3942","0.0193"
"10.2200","3.4009","0.0192"
"10.2400","3.4075","0.0196"
"10.2600","3.4142","0.0193"
"10.2800","3.4208","0.0194"
"10.3000","3.4275","0.0196"
"10.3200","3.4342","0.0194"
"10.3400","3.4409","0.0198"
"10.3600","3.4475","0.0195"
"10.3800","3.4542","0.0195"
"10.4000","3.4608","0.0197"
"10.4200","3.4675","0.0199"
"10.4400","3.4742","0.0197"
"10.4600","3.4809","0.0198"
"10.4800","3.4875","0.0199"
"10.5000","3.4942","0.0197"
"10.5200","3.5009","0.0199"
"10.5400","3.5075","0.0200"
"10.5600","3.5142","0.0201"
"10.5800","3.5209","0.0199"
"10.6000","3.5275","0.0200"
"10.6200","3.5341","0.0202"
"10.6400","3.5408","0.0204"
"10.6600","3.5475","0.0204"
"10.6800","3.5542","0.0200"
"10.7000","3.5608","0.0202"
"10.7200","3.5675","0.0204"
"10.7400","3.5742","0.0204"
"10.7600","3.5809","0.0203"
"10.7800","3.5875","0.0204"
"10.8000","3.5942","0.0206"
"10.8200","3.6009","0.0205"
"10.8400","3.6075","0.0206"
"10.8600","3.6142","0.0205"
"10.8800","3.6209","0.0208"
"10.9000","3.6275","0.0208"
"10.9200","3.6342","0.0206"
"10.9400","3.6409","0.0209"
"10.9600","3.6475","0.0208"
"10.9800","3.6542","0.0208"
"11.0000","3.6608","0.0208"
"11.0200","3.6675","0.0210"
"11.0400","3.6742","0.0211"
"11.0600","3.6808","0.0212"
"11.0800","3.6875","0.0210"
"11.1000","3.6942","0.0208"
"11.1200","3.7008","0.0215"
"11.1400","3.7075","0.0212"
"11.1600","3.7142","0.0212"
"11.1800","3.7208","0.0213"
"11.2000","3.7275","0.0213"
"11.2200","3.7342","0.0214"
"11.2400","3.7408","0.0214"
"11.2600","3.7475","0.0216"
"11.2800","3.7542","0.0216"
"11.3000","3.7608","0.0217"
"11.3200","3.7675","0.0214"
"11.3400","3.7742","0.0216"
"11.3600","3.7809","0.0218"
"11.3800","3.7875","0.0215"
"11.4000","3.7942","0.0218"
"11.4200","3.8009","0.0218"
"11.4400","3.8075","0.0220"
"11.4600","3.8142","0.0221"
"11.4800","3.8209","0.0219"
"11.5000","3.8275","0.0219"
"11.5200","3.8342","0.0222"
"11.5400","3.8409","0.0222"
"11.5600","3.8475","0.0218"
"11.5800","3.8541","0.0223"
"11.6000","3.8608","0.0227"
"11.6200","3.8675","0.0224"
"11.6400","3.8742","0.0221"
"11.6600","3.8808","0.0225"
"11.6800","3.8875","0.0227"
"11.7000","3.8942","0.0223"
"11.7200","3.9008","0.0225"
"11.7400","3.9075","0.0226"
"11.7600","3.9142","0.0227"
"11.7800","3.9209","0.0227"
"11.8000","3.9275","0.0226"
"11.8200","3.9342","0.0229"
"11.8400","3.9409","0.0228"
"11.8600","3.9475","0.0230"
"11.8800","3.9542","0.0229"
"11.9000","3.9609","0.0230"
"11.9200","3.9675","0.0231"
"11.9400","3.9742","0.0232"
"11.9600","3.9809","0.0230"
"11.9800","3.9875","0.0231"
"12.0000","3.9942","0.0234"
"12.0200","4.0008","0.0232"
"12.0400","4.0075","0.0234"
"12.0600","4.0142","0.0233"
"12.0800","4.0208","0.0236"
"12.1000","4.0275","0.0234"
"12.1200","4.0342","0.0234"
"12.1400","4.0408","0.0237"
"12.1600","4.0475","0.0236"
"12.1800","4.0542","0.0236"
"12.2000","4.0608","0.0236"
"12.2200","4.0675","0.0239"
"12.2400","4.0742","0.0239"
"12.2600","4.0809","0.0239"
"12.2800","4.0875","0.0237"
"12.3000","4.0942","0.0237"
"12.3200","4.1008","0.0241"
"12.3400","4.1075","0.0239"
"12.3600","4.1142","0.0239"
"12.3800","4.1209","0.0241"
"12.4000","4.1275","0.0243"
"12.4200","4.1342","0.0241"
"12.4400","4.1409","0.0242"
"12.4600","4.1475","0.0245"
"12.4800","4.1542","0.0243"
"12.5000","4.1609","0.0244"
"12.5200","4.1675","0.0242"
"12.5400","4.1742","0.0248"
"12.5600","4.1808","0.0250"
"12.5800","4.1875","0.0245"
"12.6000","4.1942","0.0246"
"12.6200","4.2008","0.0248"
"12.6400","4.2075","0.0250"
"12.6600","4.2142","0.0249"
"12.6800","4.2208","0.0249"
"12.7000","4.2275","0.0252"
"12.7200","4.2342","0.0253"
"12.7400","4.2409","0.0251"
"12.7600","4.2475","0.0251"
"12.7800","4.2542","0.0255"
"12.8000","4.2608","0.0254"
"12.8200","4.2675","0.0255"
"12.8400","4.2742","0.0253"
"12.8600","4.2809","0.0255"
"12.8800","4.2875","0.0257"
"12.9000","4.2942","0.0255"
"12.9200","4.3009","0.0256"
"12.9400","4.3075","0.0258"
"12.9600","4.3142","0.0259"
"12.9800","4.3209","0.0257"
"13.0000","4.3275","0.0258"
"13.0200","4.3342","0.0259"
"13.0400","4.3408","0.0261"
"13.0600","4.3475","0.0260"
"13.0800","4.3542","0.0259"
"13.1000","4.3609","0.0263"
"13.1200","4.3675","0.0262"
"13.1400","4.3742","0.0260"
"13.1600","4.3808","0.0262"
"13.1800","4.3875","0.0265"
"13.2000","4.3942","0.0265"
"13.2200","4.4008","0.0264"
"13.2400","4.4075","0.0265"
"13.2600","4.4142","0.0266"
"13.2800","4.4209","0.0268"
"13.3000","4.4275","0.0267"
"13.3200","4.4342","0.0264"
"13.3400","4.4409","0.0269"
"13.3600","4.4475","0.0269"
"13.3800","4.4542","0.0267"
"13.4000","4.4609","0.0270"
"13.4200","4.4675","0.0272"
"13.4400","4.4742","0.0270"
"13.4600","4.4809","0.0269"
"13.4800","4.4875","0.0271"
"13.5000","4.4941","0.0273"
"13.5200","4.5008","0.0276"
"13.5400","4.5075","0.0273"
"13.5600","4.5142","0.0273"
"13.5800","4.5208","0.0274"
"13.6000","4.5275","0.0276"
"13.6200","4.5342","0.0275"
"13.6400","4.5409","0.0275"
"13.6600","4.5475","0.0278"
"13.6800","4.5542","0.0279"
"13.7000","4.5609","0.0280"
"13.7200","4.5675","0.0278"
"13.7400","4.5742","0.0282"
"13.7600","4.5809","0.0281"
"13.7800","4.5875","0.0279"
"13.8000","4.5942","0.0283"
"13.8200","4.6009","0.0283"
"13.8400","4.6075","0.0283"
"13.8600","4.6142","0.0282"
"13.8800","4.6209","0.0282"
"13.9000","4.6275","0.0286"
"13.9200","4.6342","0.0287"
"13.9400","4.6408","0.0283"
"13.9600","4.6475","0.0287"
"13.9800","4.6542","0.0288"
"14.0000","4.6608","0.0287"
"14.0200","4.6675","0.0290"
"14.0400","4.6742","0.0289"
"14.0600","4.6808","0.0289"
"14.0800","4.6875","0.0291"
"14.1000","4.6942","0.0290"
"14.1200","4.7008","0.0292"
"14.1400","4.7075","0.0294"
"14.1600","4.7142","0.0294"
"14.1800","4.7208","0.0292"
"14.2000","4.7275","0.0293"
"14.2200","4.7342","0.0297"
"14.2400","4.7408","0.0297"
"14.2600","4.7475","0.0296"
"14.2800","4.7542","0.0296"
"14.3000","4.7609","0.0299"
"14.3200","4.7676","0.0298"
"14.3400","4.7742","0.0298"
"14.3600","4.7809","0.0300"
"14.3800","4.7875","0.0301"
"14.4000","4.7942","0.0301"
"14.4200","4.8009","0.0300"
"14.4400","4.8075","0.0302"
"14.4600","4.8141","0.0306"
"14.4800","4.8208","0.0305"
"14.5000","4.8275","0.0303"
"14.5200","4.8342","0.0306"
"14.5400","4.8408","0.0303"
"14.5600","4.8475","0.0307"
"14.5800","4.8542","0.0309"
"14.6000","4.8608","0.0305"
"14.6200","4.8675","0.0312"
"14.6400","4.8742","0.0311"
"14.6600","4.8809","0.0307"
"14.6800","4.8875","0.0311"
"14.7000","4.8942","0.0315"
"14.7200","4.9009","0.0311"
"14.7400","4.9075","0.0310"
"14.7600","4.9142","0.0313"
"14.7800","4.9209","0.0314"
"14.8000","4.9275","0.0313"
"14.8200","4.9342","0.0313"
"14.8400","4.9409","0.0314"
"14.8600","4.9475","0.0317"
"14.8800","4.9542","0.0316"
"14.9000","4.9609","0.0316"
"14.9200","4.9675","0.0318"
"14.9400","4.9742","0.0318"
"14.9600","4.9808","0.0319"
"14.9800","4.9875","0.0321"
"15.0000","4.9942","0.0320"
"15.0200","5.0008","0.0320"
"15.0400","5.0075","0.0322"
"15.0600","5.0142","0.0323"
"15.0800","5.0208","0.0320"
"15.1000","5.0275","0.0325"
"15.1200","5.0342","0.0326"
"15.1400","5.0408","0.0323"
"15.1600","5.0475","0.0325"
"15.1800","5.0542","0.0329"
"15.2000","5.0609","0.0325"
"15.2200","5.0675","0.0325"
"15.2400","5.0742","0.0329"
"15.2600","5.0809","0.0328"
"15.2800","5.0875","0.0328"
"15.3000","5.0942","0.0330"
"15.3200","5.1009","0.0331"
"15.3400","5.1076","0.0331"
"15.3600","5.1142","0.0331"
"15.3800","5.1209","0.0331"
"15.4000","5.1275","0.0333"
"15.4200","5.1341","0.0335"
"15.4400","5.1408","0.0337"
"15.4600","5.1475","0.0337"
"15.4800","5.1542","0.0334"
"15.5000","5.1609","0.0339"
"15.5200","5.1675","0.0339"
"15.5400","5.1742","0.0336"
"15.5600","5.1808","0.0340"
"15.5800","5.1875","0.0343"
"15.6000","5.1942","0.0341"
"15.6200","5.2008","0.0340"
"15.6400","5.2075","0.0343"
"15.6600","5.2142","0.0345"
"15.6800","5.2209","0.0341"
"15.7000","5.2275","0.0344"
"15.7200","5.2342","0.0347"
"15.7400","5.2409","0.0346"
"15.7600","5.2475","0.0346"
"15.7800","5.2542","0.0351"
"15.8000","5.2609","0.0348"
"15.8200","5.2675","0.0349"
"15.8400","5.2742","0.0352"
"15.8600","5.2809","0.0350"
"15.8800","5.2875","0.0352"
"15.9000","5.2942","0.0354"
"15.9200","5.3009","0.0354"
"15.9400","5.3075","0.0353"
"15.9600","5.3142","0.0357"
"15.9800","5.3209","0.0356"
"16.0000","5.3275","0.0355"
"16.0200","5.3342","0.0357"
"16.0400","5.3408","0.0359"
"16.0600","5.3475","0.0362"
"16.0800","5.3542","0.0359"
"16.1000","5.3609","0.0362"
"16.1200","5.3675","0.0361"
"16.1400","5.3742","0.0361"
"16.1600","5.3808","0.0364"
"16.1800","5.3875","0.0365"
"16.2000","5.3942","0.0365"
"16.2200","5.4009","0.0367"
"16.2400","5.4075","0.0367"
"16.2600","5.4142","0.0367"
"16.2800","5.4209","0.0369"
"16.3000","5.4275","0.0369"
"16.3200","5.4342","0.0369"
"16.3400","5.4408","0.0367"
"16.3600","5.4475","0.0369"
"16.3800","5.4541","0.0376"
"16.4000","5.4608","0.0372"
"16.4200","5.4675","0.0369"
"16.4400","5.4742","0.0374"
"16.4600","5.4808","0.0374"
"16.4800","5.4875","0.0374"
"16.5000","5.4942","0.0373"
"16.5200","5.5009","0.0375"
"16.5400","5.5075","0.0377"
"16.5600","5.5142","0.0377"
"16.5800","5.5209","0.0375"
"16.6000","5.5275","0.0378"
"16.6200","5.5342","0.0379"
"16.6400","5.5409","0.0377"
"16.6600","5.5475","0.0380"
"16.6800","5.5542","0.0380"
"16.7000","5.5609","0.0380"
"16.7200","5.5675","0.0380"
"16.7400","5.5742","0.0381"
"16.7600","5.5809","0.0382"
"16.7800","5.5875","0.0384"
"16.8000","5.5942","0.0385"
"16.8200","5.6009","0.0382"
"16.8400","5.6075","0.0386"
"16.8600","5.6142","0.0386"
"16.8800","5.6208","0.0387"
"16.9000","5.6275","0.0385"
"16.9200","5.6342","0.0390"
"16.9400","5.6408","0.0391"
"16.9600","5.6475","0.0388"
"16.9800","5.6542","0.0391"
"17.0000","5.6608","0.0393"
"17.0200","5.6675","0.0394"
"17.0400","5.6742","0.0393"
"17.0600","5.6809","0.0395"
"17.0800","5.6875","0.0397"
"17.1000","5.6942","0.0398"
"17.1200","5.7009","0.0397"
"17.1400","5.7075","0.0397"
"17.1600","5.7142","0.0400"
"17.1800","5.7208","0.0401"
"17.2000","5.7275","0.0400"
"17.2200","5.7342","0.0401"
"17.2400","5.7409","0.0403"
"17.2600","5.7476","0.0405"
"17.2800","5.7542","0.0401"
"17.3000","5.7609","0.0402"
"17.3200","5.7675","0.0406"
"17.3400","5.7741","0.0407"
"17.3600","5.7808","0.0409"
"17.3800","5.7875","0.0409"
"17.4000","5.7942","0.0408"
"17.4200","5.8008","0.0410"
"17.4400","5.8075","0.0411"
"17.4600","5.8142","0.0410"
"17.4800","5.8208","0.0414"
"17.5000","5.8275","0.0414"
"17.5200","5.8342","0.0415"
"17.5400","5.8408","0.0417"
"17.5600","5.8475","0.0416"
"17.5800","5.8542","0.0419"
"17.6000","5.8609","0.0416"
"17.6200","5.8675","0.0418"
"17.6400","5.8742","0.0421"
"17.6600","5.8809","0.0421"
"17.6800","5.8875","0.0420"
"17.7000","5.8942","0.0421"
"17.7200","5.9009","0.0425"
"17.7400","5.9075","0.0423"
"17.7600","5.9142","0.0426"
"17.7800","5.9208","0.0424"
"17.8000","5.9275","0.0427"
"17.8200","5.9342","0.0428"
"17.8400","5.9408","0.0428"
"17.8600","5.9475","0.0428"
"17.8800","5.9542","0.0430"
"17.9000","5.9609","0.0432"
"17.9200","5.9675","0.0429"
"17.9400","5.9742","0.0433"
"17.9600","5.9808","0.0434"
"17.9800","5.9875","0.0435"
"18.0000","5.9942","0.0434"
"18.0200","6.0008","0.0434"
"18.0400","6.0075","0.0436"
"18.0600","6.0142","0.0437"
"18.0800","6.0208","0.0435"
"18.1000","6.0275","0.0436"
"18.1200","6.0342","0.0439"
"18.1400","6.0409","0.0440"
"18.1600","6.0475","0.0436"
"18.1800","6.0542","0.0440"
"18.2000","6.0609","0.0441"
"18.2200","6.0675","0.0443"
"18.2400","6.0742","0.0442"
"18.2600","6.0809","0.0441"
"18.2800","6.0875","0.0444"
"18.3000","6.0941","0.0447"
"18.3200","6.1008","0.0446"
"18.3400","6.1075","0.0445"
"18.3600","6.1142","0.0449"
"18.3800","6.1208","0.0447"
"18.4000","6.1275","0.0448"
"18.4200","6.1342","0.0451"
"18.4400","6.1409","0.0452"
"18.4600","6.1475","0.0454"
"18.4800","6.1542","0.0452"
"18.5000","6.1609","0.0453"
"18.5200","6.1675","0.0454"
"18.5400","6.1742","0.0458"
"18.5600","6.1808","0.0454"
"18.5800","6.1875","0.0456"
"18.6000","6.1942","0.0461"
"18.6200","6.2009","0.0459"
"18.6400","6.2075","0.0458"
"18.6600","6.2142","0.0460"
"18.6800","6.2209","0.0462"
"18.7000","6.2275","0.0462"
"18.7200","6.2342","0.0464"
"18.7400","6.2408","0.0463"
"18.7600","6.2475","0.0466"
"18.7800","6.2542","0.0466"
"18.8000","6.2608","0.0465"
"18.8200","6.2675","0.0469"
"18.8400","6.2742","0.0469"
"18.8600","6.2809","0.0471"
"18.8800","6.2875","0.0470"
"18.9000","6.2942","0.0470"
"18.9200","6.3008","0.0474"
"18.9400","6.3075","0.0474"
"18.9600","6.3142","0.0473"
"18.9800","6.3209","0.0474"
"19.0000","6.3275","0.0476"
"19.0200","6.3342","0.0477"
"19.0400","6.3409","0.0476"
"19.0600","6.3475","0.0478"
"19.0800","6.3542","0.0478"
"19.1000","6.3609","0.0479"
"19.1200","6.3675","0.0480"
"19.1400","6.3742","0.0483"
"19.1600","6.3809","0.0483"
"19.1800","6.3875","0.0482"
"19.2000","6.3942","0.0484"
"19.2200","6.4008","0.0484"
"19.2400","6.4075","0.0488"
"19.2600","6.4141","0.0490"
"19.2800","6.4208","0.0492"
"19.3000","6.4275","0.0490"
"19.3200","6.4342","0.0496"
"19.3400","6.4408","0.0494"
"19.3600","6.4475","0.0492"
"19.3800","6.4542","0.0497"
"19.4000","6.4608","0.0499"
"19.4200","6.4675","0.0500"
"19.4400","6.4742","0.0497"
"19.4600","6.4809","0.0500"
"19.4800","6.4875","0.0502"
"19.5000","6.4942","0.0502"
"19.5200","6.5009","0.0500"
"19.5400","6.5075","0.0503"
"19.5600","6.5142","0.0506"
"19.5800","6.5209","0.0505"
"19.6000","6.5275","0.0508"
"19.6200","6.5342","0.0508"
"19.6400","6.5409","0.0510"
"19.6600","6.5475","0.0512"
"19.6800","6.5542","0.0510"
"19.7000","6.5608","0.0513"
"19.7200","6.5675","0.0516"
"19.7400","6.5742","0.0516"
"19.7600","6.5808","0.0515"
"19.7800","6.5875","0.0518"
"19.8000","6.5942","0.0519"
"19.8200","6.6008","0.0518"
"19.8400","6.6075","0.0521"
"19.8600","6.6142","0.0521"
"19.8800","6.6208","0.0524"
"19.9000","6.6275","0.0525"
"19.9200","6.6342","0.0524"
"19.9400","6.6408","0.0526"
"19.9600","6.6475","0.0526"
"19.9800","6.6542","0.0526"
"20.0000","6.6609","0.0527"
"20.0200","6.6675","0.0529"
"20.0400","6.6742","0.0528"
"20.0600","6.6809","0.0530"
"20.0800","6.6875","0.0529"
"20.1000","6.6942","0.0531"
"20.1200","6.7009","0.0533"
"20.1400","6.7075","0.0530"
"20.1600","6.7142","0.0532"
"20.1800","6.7208","0.0532"
"20.2000","6.7275","0.0536"
"20.2200","6.7342","0.0534"
"20.2400","6.7409","0.0535"
"20.2600","6.7475","0.0536"
"20.2800","6.7542","0.0536"
"20.3000","6.7608","0.0537"
"20.3200","6.7675","0.0536"
"20.3400","6.7742","0.0540"
"20.3600","6.7809","0.0539"
"20.3800","6.7875","0.0538"
"20.4000","6.7942","0.0538"
"20.4200","6.8009","0.0541"
"20.4400","6.8075","0.0544"
"20.4600","6.8142","0.0542"
"20.4800","6.8208","0.0544"
"20.5000","6.8275","0.0547"
"20.5200","6.8342","0.0549"
"20.5400","6.8409","0.0547"
"20.5600","6.8475","0.0548"
"20.5800","6.8542","0.0550"
"20.6000","6.8609","0.0553"
"20.6200","6.8675","0.0555"
"20.6400","6.8742","0.0551"
"20.6600","6.8809","0.0555"
"20.6800","6.8875","0.0556"
"20.7000","6.8942","0.0554"
"20.7200","6.9008","0.0558"
"20.7400","6.9075","0.0556"
"20.7600","6.9142","0.0559"
"20.7800","6.9208","0.0559"
"20.8000","6.9275","0.0558"
"20.8200","6.9342","0.0560"
"20.8400","6.9409","0.0563"
"20.8600","6.9475","0.0560"
"20.8800","6.9542","0.0563"
"20.9000","6.9609","0.0567"
"20.9200","6.9675","0.0562"
"20.9400","6.9742","0.0565"
"20.9600","6.9809","0.0565"
"20.9800","6.9875","0.0568"
"21.0000","6.9942","0.0568"
"21.0200","7.0009","0.0568"
"21.0400","7.0075","0.0570"
"21.0600","7.0142","0.0570"
"21.0800","7.0209","0.0573"
"21.1000","7.0275","0.0570"
"21.1200","7.0342","0.0571"
"21.1400","7.0408","0.0570"
"21.1600","7.0475","0.0572"
"21.1800","7.0541","0.0575"
"21.2000","7.0608","0.0574"
"21.2200","7.0675","0.0575"
"21.2400","7.0742","0.0576"
"21.2600","7.0809","0.0576"
"21.2800","7.0875","0.0574"
"21.3000","7.0942","0.0580"
"21.3200","7.1009","0.0579"
"21.3400","7.1075","0.0577"
"21.3600","7.1142","0.0579"
"21.3800","7.1209","0.0580"
"21.4000","7.1275","0.0581"
"21.4200","7.1342","0.0581"
"21.4400","7.1409","0.0579"
"21.4600","7.1475","0.0580"
"21.4800","7.1542","0.0583"
"21.5000","7.1609","0.0581"
"21.5200","7.1675","0.0578"
"21.5400","7.1742","0.0583"
"21.5600","7.1809","0.0581"
"21.5800","7.1875","0.0579"
"21.6000","7.1942","0.0582"
"21.6200","7.2008","0.0581"
"21.6400","7.2075","0.0584"
"21.6600","7.2142","0.0584"
"21.6800","7.2208","0.0586"
"21.7000","7.2275","0.0589"
"21.7200","7.2342","0.0590"
"21.7400","7.2408","0.0587"
"21.7600","7.2475","0.0590"
"21.7800","7.2542","0.0594"
"21.8000","7.2608","0.0593"
"21.8200","7.2675","0.0595"
"21.8400","7.2742","0.0592"
"21.8600","7.2809","0.0595"
"21.8800","7.2875","0.0597"
"21.9000","7.2942","0.0595"
"21.9200","7.3009","0.0594"
"21.9400","7.3075","0.0598"
"21.9600","7.3142","0.0600"
"21.9800","7.3209","0.0598"
"22.0000","7.3275","0.0600"
"22.0200","7.3342","0.0602"
"22.0400","7.3409","0.0603"
"22.0600","7.3475","0.0603"
"22.0800","7.3542","0.0605"
"22.1000","7.3608","0.0606"
"22.1200","7.3675","0.0607"
"22.1400","7.3742","0.0609"
"22.1600","7.3808","0.0610"
"22.1800","7.3875","0.0611"
"22.2000","7.3942","0.0611"
"22.2200","7.4008","0.0613"
"22.2400","7.4075","0.0612"
"22.2600","7.4142","0.0614"
"22.2800","7.4208","0.0618"
"22.3000","7.4275","0.0614"
"22.3200","7.4342","0.0617"
"22.3400","7.4408","0.0620"
"22.3600","7.4475","0.0619"
"22.3800","7.4542","0.0620"
"22.4000","7.4609","0.0622"
"22.4200","7.4675","0.0625"
"22.4400","7.4742","0.0622"
"22.4600","7.4809","0.0622"
"22.4800","7.4875","0.0625"
"22.5000","7.4942","0.0627"
"22.5200","7.5009","0.0627"
"22.5400","7.5075","0.0626"
"22.5600","7.5142","0.0629"
"22.5800","7.5209","0.0629"
"22.6000","7.5275","0.0631"
"22.6200","7.5342","0.0629"
"22.6400","7.5408","0.0631"
"22.6600","7.5475","0.0634"
"22.6800","7.5542","0.0636"
"22.7000","7.5608","0.0633"
"22.7200","7.5675","0.0635"
"22.7400","7.5742","0.0640"
"22.7600","7.5808","0.0637"
"22.7800","7.5875","0.0639"
"22.8000","7.5942","0.0640"
"22.8200","7.6008","0.0642"
"22.8400","7.6075","0.0643"
"22.8600","7.6142","0.0643"
"22.8800","7.6209","0.0644"
"22.9000","7.6275","0.0645"
"22.9200","7.6342","0.0645"
"22.9400","7.6409","0.0645"
"22.9600","7.6475","0.0645"
"22.9800","7.6542","0.0647"
"23.0000","7.6609","0.0649"
"23.0200","7.6676","0.0647"
"23.0400","7.6742","0.0647"
"23.0600","7.6808","0.0649"
"23.0800","7.6875","0.0650"
"23.1000","7.6941","0.0650"
"23.1200","7.7008","0.0653"
"23.1400","7.7075","0.0655"
"23.1600","7.7142","0.0654"
"23.1800","7.7209","0.0653"
"23.2000","7.7275","0.0658"
"23.2200","7.7342","0.0657"
"23.2400","7.7409","0.0658"
"23.2600","7.7475","0.0662"
"23.2800","7.7542","0.0661"
"23.3000","7.7609","0.0664"
"23.3200","7.7675","0.0663"
"23.3400","7.7742","0.0664"
"23.3600","7.7809","0.0664"
"23.3800","7.7875","0.0669"
"23.4000","7.7942","0.0669"
"23.4200","7.8008","0.0666"
"23.4400","7.8075","0.0669"
"23.4600","7.8142","0.0672"
"23.4800","7.8209","0.0671"
"23.5000","7.8275","0.0668"
"23.5200","7.8342","0.0671"
"23.5400","7.8408","0.0673"
"23.5600","7.8475","0.0673"
"23.5800","7.8542","0.0673"
"23.6000","7.8609","0.0675"
"23.6200","7.8675","0.0677"
"23.6400","7.8742","0.0677"
"23.6600","7.8808","0.0679"
"23.6800","7.8875","0.0679"
"23.7000","7.8942","0.0682"
"23.7200","7.9008","0.0682"
"23.7400","7.9075","0.0682"
"23.7600","7.9142","0.0682"
"23.7800","7.9209","0.0685"
"23.8000","7.9275","0.0685"
"23.8200","7.9342","0.0681"
"23.8400","7.9408","0.0684"
"23.8600","7.9475","0.0687"
"23.8800","7.9542","0.0683"
"23.9000","7.9609","0.0685"
"23.9200","7.9675","0.0686"
"23.9400","7.9742","0.0686"
"23.9600","7.9809","0.0686"
"23.9800","7.9875","0.0687"
"24.0000","7.9942","0.0688"
"24.0200","8.0008","0.0688"
"24.0400","8.0075","0.0690"
"24.0600","8.0141","0.0692"
"24.0800","8.0208","0.0695"
"24.1000","8.0275","0.0693"
"24.1200","8.0342","0.0694"
"24.1400","8.0408","0.0695"
"24.1600","8.0475","0.0696"
"24.1800","8.0542","0.0700"
"24.2000","8.0608","0.0698"
"24.2200","8.0675","0.0698"
"24.2400","8.0742","0.0701"
"24.2600","8.0809","0.0705"
"24.2800","8.0875","0.0701"
"24.3000","8.0942","0.0703"
"24.3200","8.1009","0.0705"
"24.3400","8.1075","0.0706"
"24.3600","8.1142","0.0705"
"24.3800","8.1209","0.0704"
"24.4000","8.1275","0.0706"
"24.4200","8.1342","0.0706"
"24.4400","8.1409","0.0709"
"24.4600","8.1475","0.0707"
"24.4800","8.1542","0.0709"
"24.5000","8.1609","0.0712"
"24.5200","8.1675","0.0712"
"24.5400","8.1742","0.0711"
"24.5600","8.1808","0.0714"
"24.5800","8.1875","0.0717"
"24.6000","8.1942","0.0716"
"24.6200","8.2008","0.0717"
"24.6400","8.2075","0.0719"
"24.6600","8.2142","0.0721"
"24.6800","8.2208","0.0721"
"24.7000","8.2275","0.0720"
"24.7200","8.2342","0.0723"
"24.7400","8.2408","0.0723"
"24.7600","8.2475","0.0722"
"24.7800","8.2542","0.0722"
"24.8000","8.2609","0.0721"
"24.8200","8.2675","0.0724"
"24.8400","8.2742","0.0722"
"24.8600","8.2809","0.0722"
"24.8800","8.2875","0.0722"
"24.9000","8.2942","0.0725"
"24.9200","8.3009","0.0726"
"24.9400","8.3076","0.0723"
"24.9600","8.3142","0.0727"
"24.9800","8.3209","0.0726"
"25.0000","8.3275","0.0725"
"25.0200","8.3341","0.0726"
"25.0400","8.3408","0.0732"
"25.0600","8.3475","0.0729"
"25.0800","8.3542","0.0727"
"25.1000","8.3609","0.0729"
"25.1200","8.3675","0.0730"
"25.1400","8.3742","0.0733"
"25.1600","8.3808","0.0732"
"25.1800","8.3875","0.0733"
"25.2000","8.3942","0.0734"
"25.2200","8.4008","0.0739"
"25.2400","8.4075","0.0736"
"25.2600","8.4142","0.0736"
"25.2800","8.4208","0.0739"
"25.3000","8.4275","0.0740"
"25.3200","8.4342","0.0741"
"25.3400","8.4409","0.0738"
"25.3600","8.4475","0.0741"
"25.3800","8.4542","0.0742"
"25.4000","8.4609","0.0738"
"25.4200","8.4675","0.0739"
"25.4400","8.4742","0.0741"
"25.4600","8.4809","0.0740"
"25.4800","8.4875","0.0740"
"25.5000","8.4942","0.0740"
"25.5200","8.5009","0.0741"
"25.5400","8.5075","0.0742"
"25.5600","8.5142","0.0741"
"25.5800","8.5209","0.0741"
"25.6000","8.5275","0.0743"
"25.6200","8.5342","0.0746"
"25.6400","8.5408","0.0746"
"25.6600","8.5475","0.0745"
"25.6800","8.5542","0.0748"
"25.7000","8.5609","0.0749"
"25.7200","8.5675","0.0747"
"25.7400","8.5742","0.0749"
"25.7600","8.5808","0.0749"
"25.7800","8.5875","0.0752"
"25.8000","8.5942","0.0751"
"25.8200","8.6009","0.0752"
"25.8400","8.6075","0.0755"
"25.8600","8.6142","0.0754"
"25.8800","8.6209","0.0755"
"25.9000","8.6275","0.0754"
"25.9200","8.6342","0.0757"
"25.9400","8.6408","0.0756"
"25.9600","8.6475","0.0755"
"25.9800","8.6541","0.0757"
"26.0000","8.6608","0.0759"
"26.0200","8.6675","0.0758"
"26.0400","8.6742","0.0755"
"26.0600","8.6808","0.0757"
"26.0800","8.6875","0.0759"
"26.1000","8.6942","0.0760"
"26.1200","8.7009","0.0756"
"26.1400","8.7075","0.0759"
"26.1600","8.7142","0.0761"
"26.1800","8.7209","0.0759"
"26.2000","8.7275","0.0759"
"26.2200","8.7342","0.0761"
"26.2400","8.7409","0.0763"
"26.2600","8.7475","0.0762"
"26.2800","8.7542","0.0761"
"26.3000","8.7609","0.0760"
"26.3200","8.7675","0.0761"
"26.3400","8.7742","0.0764"
"26.3600","8.7809","0.0762"
"26.3800","8.7875","0.0762"
"26.4000","8.7942","0.0766"
"26.4200","8.8008","0.0766"
"26.4400","8.8075","0.0765"
"26.4600","8.8142","0.0765"
"26.4800","8.8208","0.0768"
"26.5000","8.8275","0.0768"
"26.5200","8.8342","0.0767"
"26.5400","8.8409","0.0768"
"26.5600","8.8475","0.0771"
"26.5800","8.8542","0.0770"
"26.6000","8.8608","0.0768"
"26.6200","8.8675","0.0771"
"26.6400","8.8742","0.0771"
"26.6600","8.8809","0.0771"
"26.6800","8.8875","0.0768"
"26.7000","8.8942","0.0770"
"26.7200","8.9009","0.0771"
"26.7400","8.9075","0.0770"
"26.7600","8.9142","0.0769"
"26.7800","8.9209","0.0768"
"26.8000","8.9275","0.0772"
"26.8200","8.9342","0.0771"
"26.8400","8.9409","0.0770"
"26.8600","8.9476","0.0770"
"26.8800","8.9542","0.0771"
"26.9000","8.9608","0.0768"
"26.9200","8.9675","0.0769"
"26.9400","8.9741","0.0770"
"26.9600","8.9808","0.0773"
"26.9800","8.9875","0.0773"
"27.0000","8.9942","0.0770"
"27.0200","9.0009","0.0774"
"27.0400","9.0075","0.0776"
"27.0600","9.0142","0.0776"
"27.0800","9.0208","0.0776"
"27.1000","9.0275","0.0779"
"27.1200","9.0342","0.0781"
"27.1400","9.0408","0.0781"
"27.1600","9.0475","0.0781"
"27.1800","9.0542","0.0783"
"27.2000","9.0609","0.0785"
"27.2200","9.0675","0.0786"
"27.2400","9.0742","0.0785"
"27.2600","9.0809","0.0788"
"27.2800","9.0875","0.0790"
"27.3000","9.0942","0.0790"
"27.3200","9.1009","0.0790"
"27.3400","9.1075","0.0791"
"27.3600","9.1142","0.0793"
"27.3800","9.1208","0.0792"
"27.4000","9.1275","0.0792"
"27.4200","9.1342","0.0795"
"27.4400","9.1409","0.0797"
"27.4600","9.1475","0.0794"
"27.4800","9.1542","0.0794"
"27.5000","9.1609","0.0795"
"27.5200","9.1675","0.0797"
"27.5400","9.1742","0.0797"
"27.5600","9.1808","0.0796"
"27.5800","9.1875","0.0801"
"27.6000","9.1942","0.0799"
"27.6200","9.2009","0.0800"
"27.6400","9.2075","0.0798"
"27.6600","9.2142","0.0799"
"27.6800","9.2208","0.0801"
"27.7000","9.2275","0.0801"
"27.7200","9.2342","0.0799"
"27.7400","9.2409","0.0800"
"27.7600","9.2475","0.0802"
"27.7800","9.2542","0.0799"
"27.8000","9.2609","0.0799"
"27.8200","9.2675","0.0801"
"27.8400","9.2742","0.0801"
"27.8600","9.2808","0.0798"
"27.8800","9.2875","0.0801"
"27.9000","9.2942","0.0802"
"27.9200","9.3008","0.0804"
"27.9400","9.3075","0.0802"
"27.9600","9.3142","0.0800"
"27.9800","9.3208","0.0803"
"28.0000","9.3275","0.0807"
"28.0200","9.3342","0.0805"
"28.0400","9.3409","0.0805"
"28.0600","9.3475","0.0807"
"28.0800","9.3542","0.0806"
"28.1000","9.3609","0.0807"
"28.1200","9.3675","0.0805"
"28.1400","9.3742","0.0807"
"28.1600","9.3808","0.0808"
"28.1800","9.3875","0.0809"
"28.2000","9.3942","0.0806"
"28.2200","9.4009","0.0808"
"28.2400","9.4075","0.0810"
"28.2600","9.4142","0.0807"
"28.2800","9.4209","0.0808"
"28.3000","9.4275","0.0807"
"28.3200","9.4342","0.0811"
"28.3400","9.4409","0.0808"
"28.3600","9.4475","0.0806"
"28.3800","9.4542","0.0808"
"28.4000","9.4608","0.0811"
"28.4200","9.4675","0.0810"
"28.4400","9.4742","0.0808"
"28.4600","9.4809","0.0812"
"28.4800","9.4875","0.0812"
"28.5000","9.4942","0.0811"
"28.5200","9.5008","0.0811"
"28.5400","9.5075","0.0815"
"28.5600","9.5142","0.0813"
"28.5800","9.5208","0.0815"
"28.6000","9.5275","0.0815"
"28.6200","9.5342","0.0815"
"28.6400","9.5409","0.0818"
"28.6600","9.5475","0.0816"
"28.6800","9.5542","0.0816"
"28.7000","9.5609","0.0819"
"28.7200","9.5675","0.0819"
"28.7400","9.5742","0.0819"
"28.7600","9.5809","0.0818"
"28.7800","9.5875","0.0821"
"28.8000","9.5942","0.0821"
"28.8200","9.6008","0.0818"
"28.8400","9.6075","0.0820"
"28.8600","9.6141","0.0824"
"28.8800","9.6208","0.0825"
"28.9000","9.6275","0.0822"
"28.9200","9.6342","0.0823"
"28.9400","9.6408","0.0824"
"28.9600","9.6475","0.0825"
"28.9800","9.6542","0.0824"
"29.0000","9.6608","0.0826"
"29.0200","9.6675","0.0826"
"29.0400","9.6742","0.0828"
"29.0600","9.6808","0.0828"
"29.0800","9.6875","0.0824"
"29.1000","9.6942","0.0829"
"29.1200","9.7009","0.0828"
"29.1400","9.7075","0.0827"
"29.1600","9.7142","0.0829"
"29.1800","9.7209","0.0830"
"29.2000","9.7275","0.0831"
"29.2200","9.7342","0.0829"
"29.2400","9.7409","0.0830"
"29.2600","9.7475","0.0830"
"29.2800","9.7542","0.0834"
"29.3000","9.7609","0.0831"
"29.3200","9.7675","0.0831"
"29.3400","9.7742","0.0834"
"29.3600","9.7808","0.0833"
"29.3800","9.7875","0.0833"
"29.4000","9.7942","0.0833"
"29.4200","9.8008","0.0833"
"29.4400","9.8075","0.0834"
"29.4600","9.8142","0.0834"
"29.4800","9.8208","0.0832"
"29.5000","9.8275","0.0834"
"29.5200","9.8342","0.0835"
"29.5400","9.8409","0.0831"
"29.5600","9.8475","0.0831"
"29.5800","9.8542","0.0833"
"29.6000","9.8609","0.0833"
"29.6200","9.8675","0.0831"
"29.6400","9.8742","0.0831"
"29.6600","9.8809","0.0835"
"29.6800","9.8875","0.0834"
"29.7000","9.8942","0.0832"
"29.7200","9.9009","0.0833"
"29.7400","9.9075","0.0833"
"29.7600","9.9142","0.0836"
"29.7800","9.9208","0.0832"
"29.8000","9.9275","0.0836"
"29.8200","9.9342","0.0838"
"29.8400","9.9408","0.0839"
"29.8600","9.9475","0.0841"
"29.8800","9.9542","0.0837"
"29.9000","9.9608","0.0839"
"29.9200","9.9675","0.0845"
"29.9400","9.9742","0.0842"
"29.9600","9.9808","0.0840"
"29.9800","9.9875","0.0846"
"30.0000","9.9942","0.0844"
"30.0200","10.0008","0.0843"
"30.0400","10.0075","0.0844"
"30.0600","10.0142","0.0846"
"30.0800","10.0208","0.0848"
"30.1000","10.0275","0.0845"
"30.1200","10.0342","0.0845"
"30.1400","10.0408","0.0846"
"30.1600","10.0475","0.0848"
"30.1800","10.0542","0.0846"
"30.2000","10.0609","0.0846"
"30.2200","10.0675","0.0848"
"30.2400","10.0742","0.0850"
"30.2600","10.0809","0.0847"
"30.2800","10.0875","0.0846"
"30.3000","10.0942","0.0849"
"30.3200","10.1009","0.0849"
"30.3400","10.1075","0.0848"
"30.3600","10.1142","0.0848"
"30.3800","10.1209","0.0851"
"30.4000","10.1275","0.0850"
"30.4200","10.1342","0.0846"
"30.4400","10.1408","0.0849"
"30.4600","10.1475","0.0852"
"30.4800","10.1542","0.0850"
"30.5000","10.1608","0.0849"
"30.5200","10.1675","0.0851"
"30.5400","10.1742","0.0851"
"30.5600","10.1809","0.0850"
"30.5800","10.1875","0.0851"
"30.6000","10.1942","0.0848"
"30.6200","10.2008","0.0851"
"30.6400","10.2075","0.0852"
"30.6600","10.2142","0.0848"
"30.6800","10.2209","0.0849"
"30.7000","10.2276","0.0849"
"30.7200","10.2342","0.0849"
"30.7400","10.2408","0.0846"
"30.7600","10.2475","0.0849"
"30.7800","10.2541","0.0851"
"30.8000","10.2608","0.0853"
"30.8200","10.2675","0.0849"
"30.8400","10.2742","0.0850"
"30.8600","10.2809","0.0853"
"30.8800","10.2875","0.0849"
"30.9000","10.2942","0.0850"
"30.9200","10.3008","0.0849"
"30.9400","10.3075","0.0854"
"30.9600","10.3142","0.0852"
"30.9800","10.3209","0.0851"
"31.0000","10.3275","0.0852"
"31.0200","10.3342","0.0854"
"31.0400","10.3408","0.0856"
"31.0600","10.3475","0.0853"
"31.0800","10.3542","0.0856"
"31.1000","10.3609","0.0858"
"31.1200","10.3675","0.0857"
"31.1400","10.3742","0.0857"
"31.1600","10.3809","0.0858"
"31.1800","10.3875","0.0858"
"31.2000","10.3942","0.0759"
"31.2200","10.4008","0.0639"
"31.2400","10.4075","0.0592"
"31.2600","10.4142","0.0588"
"31.2800","10.4208","0.0588"
"31.3000","10.4275","0.0592"
"31.3200","10.4342","0.0592"
"31.3400","10.4408","0.0593"
"31.3600","10.4475","0.0594"
"31.3800","10.4542","0.0591"
"31.4000","10.4608","0.0592"
"31.4200","10.4675","0.0599"
"31.4400","10.4742","0.0597"
"31.4600","10.4809","0.0595"
"31.4800","10.4875","0.0598"
"31.5000","10.4942","0.0600"
"31.5200","10.5009","0.0599"
"31.5400","10.5075","0.0600"
"31.5600","10.5142","0.0600"
"31.5800","10.5209","0.0600"
"31.6000","10.5275","0.0602"
"31.6200","10.5342","0.0598"
"31.6400","10.5409","0.0601"
"31.6600","10.5475","0.0603"
"31.6800","10.5542","0.0602"
"31.7000","10.5608","0.0598"
"31.7200","10.5675","0.0601"
"31.7400","10.5742","0.0603"
"31.7600","10.5808","0.0603"
"31.7800","10.5875","0.0600"
"31.8000","10.5942","0.0600"
"31.8200","10.6008","0.0604"
"31.8400","10.6075","0.0602"
"31.8600","10.6142","0.0602"
"31.8800","10.6208","0.0604"
"31.9000","10.6275","0.0603"
"31.9200","10.6342","0.0601"
"31.9400","10.6408","0.0602"
"31.9600","10.6475","0.0602"
"31.9800","10.6542","0.0604"
"32.0000","10.6608","0.0604"
"32.0200","10.6675","0.0601"
"32.0400","10.6742","0.0601"
"32.0600","10.6809","0.0606"
"32.0800","10.6875","0.0602"
"32.1000","10.6942","0.0600"
"32.1200","10.7009","0.0603"
"32.1400","10.7075","0.0606"
"32.1600","10.7142","0.0604"
"32.1800","10.7209","0.0600"
"32.2000","10.7275","0.0602"
"32.2200","10.7342","0.0603"
"32.2400","10.7409","0.0603"
"32.2600","10.7475","0.0601"
"32.2800","10.7542","0.0603"
"32.3000","10.7609","0.0603"
"32.3200","10.7675","0.0602"
"32.3400","10.7742","0.0603"
"32.3600","10.7808","0.0601"
"32.3800","10.7875","0.0597"
"32.4000","10.7942","0.0442"
"32.4200","10.8008","0.0322"
"32.4400","10.8075","0.0284"
"32.4600","10.8142","0.0291"
"32.4800","10.8209","0.0295"
"32.5000","10.8275","0.0295"
"32.5200","10.8342","0.0301"
"32.5400","10.8409","0.0300"
"32.5600","10.8475","0.0299"
"32.5800","10.8542","0.0297"
"32.6000","10.8609","0.0302"
"32.6200","10.8675","0.0301"
"32.6400","10.8742","0.0181"
"32.6500","10.8775","0.0105"

